{
  "holdings": {
    "AAPL": 0.085693,
    "MSFT": 0.045607,
    "NVDA": 0.071306,
    "GOOGL": 0.088935,
    "AMZN": 0.080009,
    "META": 0.026206,
    "TSLA": 0.036559,
    "ORCL": 0.0,
    "PLTR": 0.0,
    "AVGO": 0.030672,
    "TSM": 0.0,
    "AMD": 0.020198,
    "MU": 0.016983,
    "MRVL": 0.0,
    "ASML": 0.0,
    "AMAT": 0.0,
    "KLAC": 0.0,
    "LRCX": 0.0,
    "CDNS": 0.0,
    "ARM": 0.0,
    "NOW": 0.0,
    "CRM": 0.0,
    "CRWD": 0.0,
    "PANW": 0.0,
    "AXON": 0.0,
    "CEG": 0.0,
    "VST": 0.0,
    "GEV": 0.0,
    "LLY": 0.0,
    "ISRG": 0.0
  },
  "benchmarks": [
    "SPY",
    "QQQM",
    "XLK"
  ],
  "weekly_budget": 100000
}