{
  "holdings": {
    "AAPL": 0.085693,
    "MSFT": 0.045607,
    "NVDA": 0.071306,
    "GOOGL": 0.088935,
    "AMZN": 0.080009,
    "META": 0.026206,
    "AVGO": 0.030672,
    "TSLA": 0.036559,
    "MU": 0.016983,
    "AMD": 0.020198,
    "ASML": 0.0,
    "INTC": 0.0,
    "PLTR": 0.0,
    "LRCX": 0.0,
    "AMAT": 0.0
  },
  "benchmarks": [
    "QQQM",
    "XLK",
    "SPY"
  ],
  "weekly_budget": 100000
}